# Paizo Printables objects in the MyMiniFactory library (creatorId 2661523), captured 2026-09-11
# from https://www.myminifactory.com/library#/?{"searchString":"","filterData":{"creatorId":2661523}}
# webp = 1000x1000 logo render via the images2 CDN (verified 1000x1000); png = the raw asset behind it.
# code is only filled where the vendor asset filename carries a P-number; the rest are matched by name in models.tsv.
object_id	name	code	mmf	webp	png
844170	Over the Waves Adventure Pack 4 Season 2 Loyalty Reward PDF		https://www.myminifactory.com/object/3d-print-over-the-waves-adventure-pack-4-season-2-loyalty-reward-pdf-844170		
841829	September 2026 PDF (Season 2 Adventure 3)		https://www.myminifactory.com/object/3d-print-september-2026-pdf-season-2-adventure-3-841829		
837920	Scylla	P0100	https://www.myminifactory.com/object/3d-print-scylla-837920	https://images2.myminifactory.com/insecure/plain/https://assets.myminifactory.com/object-images/6a8e9a8de84676.11567596/images/1000X1000-P0100_Scylla_S2PB.png@webp	https://assets.myminifactory.com/object-images/6a8e9a8de84676.11567596/images/1000X1000-P0100_Scylla_S2PB.png
837916	Gutaki	P0099	https://www.myminifactory.com/object/3d-print-gutaki-837916	https://images2.myminifactory.com/insecure/plain/https://assets.myminifactory.com/object-images/6a8e9a0bdf13d5.63851004/images/1000X1000-P0099_Gutaki_S2P3_Logo.png@webp	https://assets.myminifactory.com/object-images/6a8e9a0bdf13d5.63851004/images/1000X1000-P0099_Gutaki_S2P3_Logo.png
837915	Reefclaw	P0098	https://www.myminifactory.com/object/3d-print-reefclaw-837915	https://images2.myminifactory.com/insecure/plain/https://assets.myminifactory.com/object-images/6a8e99bb715bd1.81531732/images/1000X1000-P0098_Reefclaw_S2P3_Logo.png@webp	https://assets.myminifactory.com/object-images/6a8e99bb715bd1.81531732/images/1000X1000-P0098_Reefclaw_S2P3_Logo.png
837913	Draugr	P0097	https://www.myminifactory.com/object/3d-print-draugr-837913	https://images2.myminifactory.com/insecure/plain/https://assets.myminifactory.com/object-images/6a8e98ec61f428.01207721/images/1000X1000-P0097_Draugr_S2P3_Logo.png@webp	https://assets.myminifactory.com/object-images/6a8e98ec61f428.01207721/images/1000X1000-P0097_Draugr_S2P3_Logo.png
837912	Subaquatic Marauder	P0096	https://www.myminifactory.com/object/3d-print-subaquatic-marauder-837912	https://images2.myminifactory.com/insecure/plain/https://assets.myminifactory.com/object-images/6a8e9487709b84.73733782/images/1000X1000-P0096_Subaquatic_Marauder_S2P3_Logo.png@webp	https://assets.myminifactory.com/object-images/6a8e9487709b84.73733782/images/1000X1000-P0096_Subaquatic_Marauder_S2P3_Logo.png
837905	Rigger	P0095	https://www.myminifactory.com/object/3d-print-rigger-837905	https://images2.myminifactory.com/insecure/plain/https://assets.myminifactory.com/object-images/6a8e939fac6771.38020562/images/1000X1000-P0095_Rigger_S2P3_Logo.png@webp	https://assets.myminifactory.com/object-images/6a8e939fac6771.38020562/images/1000X1000-P0095_Rigger_S2P3_Logo.png
837904	Athamaru	P0094	https://www.myminifactory.com/object/3d-print-athamaru-837904	https://images2.myminifactory.com/insecure/plain/https://assets.myminifactory.com/object-images/6a8e918bc09ce8.00158897/images/1000X1000-P0094_Athamaru_S2P3_Logo.png@webp	https://assets.myminifactory.com/object-images/6a8e918bc09ce8.00158897/images/1000X1000-P0094_Athamaru_S2P3_Logo.png
819271	Season 2 Theme Bases		https://www.myminifactory.com/object/3d-print-season-2-theme-bases-819271	https://images2.myminifactory.com/insecure/plain/https://assets.myminifactory.com/object-images/6a44c482069bd5.79735371/images/1000X1000-Season%202%20Theme%20Bases.png@webp	https://assets.myminifactory.com/object-images/6a44c482069bd5.79735371/images/1000X1000-Season%202%20Theme%20Bases.png
807534	Abrogail Adamant	P0049	https://www.myminifactory.com/object/3d-print-abrogail-adamant-807534	https://images2.myminifactory.com/insecure/plain/https://assets.myminifactory.com/object-images/6a180aafe49f45.12154622/images/1000X1000-P0049_Abrogail_Adamant_S1PB.jpg@webp	https://assets.myminifactory.com/object-images/6a180aafe49f45.12154622/images/1000X1000-P0049_Abrogail_Adamant_S1PB.jpg
807536	Abrogail Thrune	P0050	https://www.myminifactory.com/object/3d-print-abrogail-thrune-807536	https://images2.myminifactory.com/insecure/plain/https://assets.myminifactory.com/object-images/6a180b3c71c715.74498717/images/1000X1000-P0050_Abrogail_Thrune_S1PB.jpg@webp	https://assets.myminifactory.com/object-images/6a180b3c71c715.74498717/images/1000X1000-P0050_Abrogail_Thrune_S1PB.jpg
768560	Merandal's Hawks		https://www.myminifactory.com/object/3d-print-merandal-s-hawks-768560	https://images2.myminifactory.com/insecure/plain/https://assets.myminifactory.com/object-images/699e096e35db04.41068903/images/1000X1000-Merandals%20Hawks%20all.png@webp	https://assets.myminifactory.com/object-images/699e096e35db04.41068903/images/1000X1000-Merandals%20Hawks%20all.png
768558	Ironkettle's Wall		https://www.myminifactory.com/object/3d-print-ironkettle-s-wall-768558	https://images2.myminifactory.com/insecure/plain/https://assets.myminifactory.com/object-images/699e08d87fe1c9.18173147/images/1000X1000-Ironkettles%20Wall%20all.png@webp	https://assets.myminifactory.com/object-images/699e08d87fe1c9.18173147/images/1000X1000-Ironkettles%20Wall%20all.png
768556	Hellknight Signifers		https://www.myminifactory.com/object/3d-print-hellknight-signifers-768556	https://images2.myminifactory.com/insecure/plain/https://assets.myminifactory.com/object-images/699e088d75a3e5.01515930/images/1000X1000-Hellknights%20Signifiers%20all.png@webp	https://assets.myminifactory.com/object-images/699e088d75a3e5.01515930/images/1000X1000-Hellknights%20Signifiers%20all.png
768555	Hellknight Sharpshooters		https://www.myminifactory.com/object/3d-print-hellknight-sharpshooters-768555	https://images2.myminifactory.com/insecure/plain/https://assets.myminifactory.com/object-images/699e0842773bc8.07929666/images/1000X1000-Hellknight%20Sharpshooters.png@webp	https://assets.myminifactory.com/object-images/699e0842773bc8.07929666/images/1000X1000-Hellknight%20Sharpshooters.png
768554	Hellknight Chargers		https://www.myminifactory.com/object/3d-print-hellknight-chargers-768554	https://images2.myminifactory.com/insecure/plain/https://assets.myminifactory.com/object-images/699e07d83697d8.64620035/images/1000X1000-Hellknights%20Chargers%20all.png@webp	https://assets.myminifactory.com/object-images/699e07d83697d8.64620035/images/1000X1000-Hellknights%20Chargers%20all.png
768553	Hellknight Bastions		https://www.myminifactory.com/object/3d-print-hellknight-bastions-768553	https://images2.myminifactory.com/insecure/plain/https://assets.myminifactory.com/object-images/699e07602bb695.61866496/images/1000X1000-Hellknights%20Bastions%20all.png@webp	https://assets.myminifactory.com/object-images/699e07602bb695.61866496/images/1000X1000-Hellknights%20Bastions%20all.png
768550	Augustana Irregulars		https://www.myminifactory.com/object/3d-print-augustana-irregulars-768550	https://images2.myminifactory.com/insecure/plain/https://assets.myminifactory.com/object-images/699e05f3258a31.63905470/images/1000X1000-Augustana%20Irregulars%20all.png@webp	https://assets.myminifactory.com/object-images/699e05f3258a31.63905470/images/1000X1000-Augustana%20Irregulars%20all.png
768529	Elk		https://www.myminifactory.com/object/3d-print-elk-768529	https://images2.myminifactory.com/insecure/plain/https://assets.myminifactory.com/object-images/699e012eba8b79.29985085/images/1000X1000-Elk.png@webp	https://assets.myminifactory.com/object-images/699e012eba8b79.29985085/images/1000X1000-Elk.png
768537	Graveknight		https://www.myminifactory.com/object/3d-print-graveknight-768537	https://images2.myminifactory.com/insecure/plain/https://assets.myminifactory.com/object-images/699e02fff0d504.01580695/images/1000X1000-Grave%20Knight.png@webp	https://assets.myminifactory.com/object-images/699e02fff0d504.01580695/images/1000X1000-Grave%20Knight.png
768531	Fire Serpent		https://www.myminifactory.com/object/3d-print-fire-serpent-768531	https://images2.myminifactory.com/insecure/plain/https://assets.myminifactory.com/object-images/699e01a2cfc695.58115022/images/1000X1000-Fire%20Serpent.png@webp	https://assets.myminifactory.com/object-images/699e01a2cfc695.58115022/images/1000X1000-Fire%20Serpent.png
768527	Dread Zombie		https://www.myminifactory.com/object/3d-print-dread-zombie-768527	https://images2.myminifactory.com/insecure/plain/https://assets.myminifactory.com/object-images/699e00b4e817c2.08107869/images/1000X1000-Dread%20Zombie.png@webp	https://assets.myminifactory.com/object-images/699e00b4e817c2.08107869/images/1000X1000-Dread%20Zombie.png
768525	Cave Bear		https://www.myminifactory.com/object/3d-print-cave-bear-768525	https://images2.myminifactory.com/insecure/plain/https://assets.myminifactory.com/object-images/699e00349f2d28.85913339/images/1000X1000-Cave%20Bear.png@webp	https://assets.myminifactory.com/object-images/699e00349f2d28.85913339/images/1000X1000-Cave%20Bear.png
768516	Orc Melee (Pathfinder Quest)		https://www.myminifactory.com/object/3d-print-orc-melee-pathfinder-quest-768516	https://images2.myminifactory.com/insecure/plain/https://assets.myminifactory.com/object-images/699dfa9ee2f985.01999423/images/1000X1000-orc_melee.png@webp	https://assets.myminifactory.com/object-images/699dfa9ee2f985.01999423/images/1000X1000-orc_melee.png
768509	Goblin Spellcaster (Pathfinder Quest)		https://www.myminifactory.com/object/3d-print-goblin-spellcaster-pathfinder-quest-768509	https://images2.myminifactory.com/insecure/plain/https://assets.myminifactory.com/object-images/699df82a4197d4.67718406/images/1000X1000-goblin_spellcaster.png@webp	https://assets.myminifactory.com/object-images/699df82a4197d4.67718406/images/1000X1000-goblin_spellcaster.png
828795	Discounts Codes Season 2 August 2026		https://www.myminifactory.com/object/3d-print-discounts-codes-season-2-august-2026-828795		
824659	August 2026 PDF (Season 2 Adventure 2)		https://www.myminifactory.com/object/3d-print-august-2026-pdf-season-2-adventure-2-824659	https://images2.myminifactory.com/insecure/plain/https://assets.myminifactory.com/object-images/6a5cf7c4cee220.22484413/images/1000X1000-S2P2PDF.png@webp	https://assets.myminifactory.com/object-images/6a5cf7c4cee220.22484413/images/1000X1000-S2P2PDF.png
824649	Living Waterfall	P0093	https://www.myminifactory.com/object/3d-print-living-waterfall-824649	https://images2.myminifactory.com/insecure/plain/https://assets.myminifactory.com/object-images/6a5cf0295b4f71.95716301/images/1000X1000-P0093_Living_Waterfall_S2P2.jpg@webp	https://assets.myminifactory.com/object-images/6a5cf0295b4f71.95716301/images/1000X1000-P0093_Living_Waterfall_S2P2.jpg
824646	Flotsam Terror	P0092	https://www.myminifactory.com/object/3d-print-flotsam-terror-824646	https://images2.myminifactory.com/insecure/plain/https://assets.myminifactory.com/object-images/6a5cefa34445b1.35618872/images/1000X1000-P0092_Flotsam_Terror_S2P2.jpg@webp	https://assets.myminifactory.com/object-images/6a5cefa34445b1.35618872/images/1000X1000-P0092_Flotsam_Terror_S2P2.jpg
824645	Deep One	P0091	https://www.myminifactory.com/object/3d-print-deep-one-824645	https://images2.myminifactory.com/insecure/plain/https://assets.myminifactory.com/object-images/6a5cee8f4dfb70.36284148/images/1000X1000-P0091_Deep_Ones_S2P2.png@webp	https://assets.myminifactory.com/object-images/6a5cee8f4dfb70.36284148/images/1000X1000-P0091_Deep_Ones_S2P2.png
824644	Cheliax Naval Captain	P0090	https://www.myminifactory.com/object/3d-print-cheliax-naval-captain-824644	https://images2.myminifactory.com/insecure/plain/https://assets.myminifactory.com/object-images/6a5cee4833a3c7.41975502/images/1000X1000-P0090_Cheliax_Naval_Captain_S2P2.jpg@webp	https://assets.myminifactory.com/object-images/6a5cee4833a3c7.41975502/images/1000X1000-P0090_Cheliax_Naval_Captain_S2P2.jpg
824642	Cheliax Naval Officer	P0089	https://www.myminifactory.com/object/3d-print-cheliax-naval-officer-824642	https://images2.myminifactory.com/insecure/plain/https://assets.myminifactory.com/object-images/6a5cedee8f3103.68685363/images/1000X1000-P0089_Cheliax_Naval_Officer_S2P2.jpg@webp	https://assets.myminifactory.com/object-images/6a5cedee8f3103.68685363/images/1000X1000-P0089_Cheliax_Naval_Officer_S2P2.jpg
824641	Cheliax Marine	P0088	https://www.myminifactory.com/object/3d-print-cheliax-marine-824641	https://images2.myminifactory.com/insecure/plain/https://assets.myminifactory.com/object-images/6a5ced4b193958.54754583/images/1000X1000-P0088_Cheliax_Marines_S2P2.jpg@webp	https://assets.myminifactory.com/object-images/6a5ced4b193958.54754583/images/1000X1000-P0088_Cheliax_Marines_S2P2.jpg
823155	Discounts Codes Season 2 July 2026		https://www.myminifactory.com/object/3d-print-discounts-codes-season-2-july-2026-823155		
816632	Goblin Chanter	P0064	https://www.myminifactory.com/object/3d-print-goblin-chanter-816632	https://images2.myminifactory.com/insecure/plain/https://assets.myminifactory.com/object-images/6a3a7888455775.66305572/images/1000X1000-P0064_Goblin_Chanter_WP4.png@webp	https://assets.myminifactory.com/object-images/6a3a7888455775.66305572/images/1000X1000-P0064_Goblin_Chanter_WP4.png
816631	Goblin Commando	P0063	https://www.myminifactory.com/object/3d-print-goblin-commando-816631	https://images2.myminifactory.com/insecure/plain/https://assets.myminifactory.com/object-images/6a3a786cb11544.03326028/images/1000X1000-P0063_Goblin_Commando_WP4.png@webp	https://assets.myminifactory.com/object-images/6a3a786cb11544.03326028/images/1000X1000-P0063_Goblin_Commando_WP4.png
816630	Goblin Warrior	P0062	https://www.myminifactory.com/object/3d-print-goblin-warrior-816630	https://images2.myminifactory.com/insecure/plain/https://assets.myminifactory.com/object-images/6a3a7854232336.00945781/images/1000X1000-P0062_Goblin_Warrior_WP4.png@webp	https://assets.myminifactory.com/object-images/6a3a7854232336.00945781/images/1000X1000-P0062_Goblin_Warrior_WP4.png
816629	Goblin Pyro	P0061	https://www.myminifactory.com/object/3d-print-goblin-pyro-816629	https://images2.myminifactory.com/insecure/plain/https://assets.myminifactory.com/object-images/6a3a7838191546.43110592/images/1000X1000-P0061_Goblin_Pyro_WP4.png@webp	https://assets.myminifactory.com/object-images/6a3a7838191546.43110592/images/1000X1000-P0061_Goblin_Pyro_WP4.png
816628	Vrolikai Demon	P0060	https://www.myminifactory.com/object/3d-print-vrolikai-demon-816628	https://images2.myminifactory.com/insecure/plain/https://assets.myminifactory.com/object-images/6a3a7819867455.41625319/images/1000X1000-P0060_Vrolikai_Demon_WP4.png@webp	https://assets.myminifactory.com/object-images/6a3a7819867455.41625319/images/1000X1000-P0060_Vrolikai_Demon_WP4.png
816627	Horned Dragon	P0059	https://www.myminifactory.com/object/3d-print-horned-dragon-816627	https://images2.myminifactory.com/insecure/plain/https://assets.myminifactory.com/object-images/6a3a77f4003524.36383948/images/1000X1000-P0059_Horned_Dragon_WP4.png@webp	https://assets.myminifactory.com/object-images/6a3a77f4003524.36383948/images/1000X1000-P0059_Horned_Dragon_WP4.png
816626	Quinn Iconic Investigator	P0058	https://www.myminifactory.com/object/3d-print-quinn-iconic-investigator-816626	https://images2.myminifactory.com/insecure/plain/https://assets.myminifactory.com/object-images/6a3a77d9af41f3.02019114/images/1000X1000-P0058_Investigator_Quinn_WP4.png@webp	https://assets.myminifactory.com/object-images/6a3a77d9af41f3.02019114/images/1000X1000-P0058_Investigator_Quinn_WP4.png
816625	Seelah Iconic Paladin	P0057	https://www.myminifactory.com/object/3d-print-seelah-iconic-paladin-816625	https://images2.myminifactory.com/insecure/plain/https://assets.myminifactory.com/object-images/6a3a77b3925a22.37252066/images/1000X1000-P0057_Champion_Seelah_WP4.png@webp	https://assets.myminifactory.com/object-images/6a3a77b3925a22.37252066/images/1000X1000-P0057_Champion_Seelah_WP4.png
816623	Amiri Iconic Barbarian	P0056	https://www.myminifactory.com/object/3d-print-amiri-iconic-barbarian-816623	https://images2.myminifactory.com/insecure/plain/https://assets.myminifactory.com/object-images/6a3a7574388ba1.00311902/images/1000X1000-P0056_Barbarian_Amiri_WP4.png@webp	https://assets.myminifactory.com/object-images/6a3a7574388ba1.00311902/images/1000X1000-P0056_Barbarian_Amiri_WP4.png
816622	Fumbus Iconic Alchemist	P0055	https://www.myminifactory.com/object/3d-print-fumbus-iconic-alchemist-816622	https://images2.myminifactory.com/insecure/plain/https://assets.myminifactory.com/object-images/6a3a7457626f10.29527566/images/1000X1000-P0055_Alchemist_Fumbus_WP4.png@webp	https://assets.myminifactory.com/object-images/6a3a7457626f10.29527566/images/1000X1000-P0055_Alchemist_Fumbus_WP4.png
819268	July 2026 PDF (Season 2 Adventure 1)		https://www.myminifactory.com/object/3d-print-july-2026-pdf-season-2-adventure-1-819268	https://images2.myminifactory.com/insecure/plain/https://assets.myminifactory.com/object-images/6a44c26e994887.35971455/images/1000X1000-OverTheWaves1_Paizo_PDF_PREVIEW.jpg@webp	https://assets.myminifactory.com/object-images/6a44c26e994887.35971455/images/1000X1000-OverTheWaves1_Paizo_PDF_PREVIEW.jpg
816621	Sargassum Heap	P0087	https://www.myminifactory.com/object/3d-print-sargassum-heap-816621	https://images2.myminifactory.com/insecure/plain/https://assets.myminifactory.com/object-images/6a3a73b281c874.27541611/images/1000X1000-P0087_Sargassum_Heap_S2P1.png@webp	https://assets.myminifactory.com/object-images/6a3a73b281c874.27541611/images/1000X1000-P0087_Sargassum_Heap_S2P1.png
816620	Sea Hag	P0086	https://www.myminifactory.com/object/3d-print-sea-hag-816620	https://images2.myminifactory.com/insecure/plain/https://assets.myminifactory.com/object-images/6a3a738f269a62.54841512/images/1000X1000-P0086_Sea_Hag_S2P1.png@webp	https://assets.myminifactory.com/object-images/6a3a738f269a62.54841512/images/1000X1000-P0086_Sea_Hag_S2P1.png
816619	Grindylow	P0085	https://www.myminifactory.com/object/3d-print-grindylow-816619	https://images2.myminifactory.com/insecure/plain/https://assets.myminifactory.com/object-images/6a3a7345d33288.44624314/images/1000X1000-P0085_Grindylow_A_S2P1.png@webp	https://assets.myminifactory.com/object-images/6a3a7345d33288.44624314/images/1000X1000-P0085_Grindylow_A_S2P1.png
816618	Ocean Nomad	P0084	https://www.myminifactory.com/object/3d-print-ocean-nomad-816618	https://images2.myminifactory.com/insecure/plain/https://assets.myminifactory.com/object-images/6a3a731c54ad71.37214032/images/1000X1000-P0084_Ocean_Nomad_S2P1.png@webp	https://assets.myminifactory.com/object-images/6a3a731c54ad71.37214032/images/1000X1000-P0084_Ocean_Nomad_S2P1.png
816617	Marine Marauder	P0083	https://www.myminifactory.com/object/3d-print-marine-marauder-816617	https://images2.myminifactory.com/insecure/plain/https://assets.myminifactory.com/object-images/6a3a72edbb2558.88871430/images/1000X1000-P0083_Marine_Marauder_S2P1.png@webp	https://assets.myminifactory.com/object-images/6a3a72edbb2558.88871430/images/1000X1000-P0083_Marine_Marauder_S2P1.png
816616	Bosun	P0082	https://www.myminifactory.com/object/3d-print-bosun-816616	https://images2.myminifactory.com/insecure/plain/https://assets.myminifactory.com/object-images/6a3a72962e3d55.21582822/images/1000X1000-P0082_Bosun_A_S2P1.png@webp	https://assets.myminifactory.com/object-images/6a3a72962e3d55.21582822/images/1000X1000-P0082_Bosun_A_S2P1.png
807539	June 2026 PDF (Season 1 Bonus Adventure)		https://www.myminifactory.com/object/3d-print-june-2026-pdf-season-1-bonus-adventure-807539	https://images2.myminifactory.com/insecure/plain/https://assets.myminifactory.com/object-images/6a180c66a595c0.76376622/images/1000X1000-720X720-HellfireCrisis_4_Paizo_PDF_PREVIEW.png@webp	https://assets.myminifactory.com/object-images/6a180c66a595c0.76376622/images/1000X1000-720X720-HellfireCrisis_4_Paizo_PDF_PREVIEW.png
807537	June 2026 PDF (Season 1 Adventure 3)		https://www.myminifactory.com/object/3d-print-june-2026-pdf-season-1-adventure-3-807537	https://images2.myminifactory.com/insecure/plain/https://assets.myminifactory.com/object-images/6a180b9f564304.17428295/images/1000X1000-720X720-HellfireCrisis_3_Paizo_PDF_PREVIEW.png@webp	https://assets.myminifactory.com/object-images/6a180b9f564304.17428295/images/1000X1000-720X720-HellfireCrisis_3_Paizo_PDF_PREVIEW.png
807533	Nessari Tyrant Devil	P0048	https://www.myminifactory.com/object/3d-print-nessari-tyrant-devil-807533	https://images2.myminifactory.com/insecure/plain/https://assets.myminifactory.com/object-images/6a180a5cdd4005.77247296/images/1000X1000-P0048_Nessari_Tyrant_Devil_S1P3.jpg@webp	https://assets.myminifactory.com/object-images/6a180a5cdd4005.77247296/images/1000X1000-P0048_Nessari_Tyrant_Devil_S1P3.jpg
807532	Strix	P0047	https://www.myminifactory.com/object/3d-print-strix-807532	https://images2.myminifactory.com/insecure/plain/https://assets.myminifactory.com/object-images/6a1809df432cd1.14442001/images/1000X1000-P0047_Strix_S1P3.jpg@webp	https://assets.myminifactory.com/object-images/6a1809df432cd1.14442001/images/1000X1000-P0047_Strix_S1P3.jpg
807530	Skeletal Hellknight Bonesinger	P0046	https://www.myminifactory.com/object/3d-print-skeletal-hellknight-bonesinger-807530	https://images2.myminifactory.com/insecure/plain/https://assets.myminifactory.com/object-images/6a18099c9db3e7.04056190/images/1000X1000-P0046_Skeletal_Hellknight_Bonesinger_S1P3.jpg@webp	https://assets.myminifactory.com/object-images/6a18099c9db3e7.04056190/images/1000X1000-P0046_Skeletal_Hellknight_Bonesinger_S1P3.jpg
807529	Twilight Talon	P0045	https://www.myminifactory.com/object/3d-print-twilight-talon-807529	https://images2.myminifactory.com/insecure/plain/https://assets.myminifactory.com/object-images/6a180957964100.28138398/images/1000X1000-P0045_Twilight_Talon_S1P3.jpg@webp	https://assets.myminifactory.com/object-images/6a180957964100.28138398/images/1000X1000-P0045_Twilight_Talon_S1P3.jpg
807527	Order of the Gate Hellknight	P0044	https://www.myminifactory.com/object/3d-print-order-of-the-gate-hellknight-807527	https://images2.myminifactory.com/insecure/plain/https://assets.myminifactory.com/object-images/6a18089b227755.53591650/images/1000X1000-P0044_Order_of_the_Gate_Hellknight_S1P3.jpg@webp	https://assets.myminifactory.com/object-images/6a18089b227755.53591650/images/1000X1000-P0044_Order_of_the_Gate_Hellknight_S1P3.jpg
807525	Brastlewark Snarecrafter	P0043	https://www.myminifactory.com/object/3d-print-brastlewark-snarecrafter-807525	https://images2.myminifactory.com/insecure/plain/https://assets.myminifactory.com/object-images/6a1808434ce8f0.76710509/images/1000X1000-P0043_Brastlewark_Snarecrafter_S1P3.jpg@webp	https://assets.myminifactory.com/object-images/6a1808434ce8f0.76710509/images/1000X1000-P0043_Brastlewark_Snarecrafter_S1P3.jpg
802035	Discounts Codes Season 1 June 2026		https://www.myminifactory.com/object/3d-print-discounts-codes-season-1-june-2026-802035		
795097	Leukodaemon	P0040	https://www.myminifactory.com/object/3d-print-leukodaemon-795097	https://images2.myminifactory.com/insecure/plain/https://assets.myminifactory.com/object-images/69f1ccf20e55e2.79553870/images/1000X1000-P0040_Leukodaemon_WP2.png@webp	https://assets.myminifactory.com/object-images/69f1ccf20e55e2.79553870/images/1000X1000-P0040_Leukodaemon_WP2.png
795095	Rekhep Archon	P0041	https://www.myminifactory.com/object/3d-print-rekhep-archon-795095	https://images2.myminifactory.com/insecure/plain/https://assets.myminifactory.com/object-images/69f1ccdc4d9af0.57477050/images/1000X1000-P0041_Rekhep_Archon_WP2.png@webp	https://assets.myminifactory.com/object-images/69f1ccdc4d9af0.57477050/images/1000X1000-P0041_Rekhep_Archon_WP2.png
795094	Arboreal Warden	P0032	https://www.myminifactory.com/object/3d-print-arboreal-warden-795094	https://images2.myminifactory.com/insecure/plain/https://assets.myminifactory.com/object-images/69f1ccb97b65e4.92185409/images/1000X1000-P0032_Arboreal_Warden_WP2.png@webp	https://assets.myminifactory.com/object-images/69f1ccb97b65e4.92185409/images/1000X1000-P0032_Arboreal_Warden_WP2.png
795093	Balisse Angel	P0038	https://www.myminifactory.com/object/3d-print-balisse-angel-795093	https://images2.myminifactory.com/insecure/plain/https://assets.myminifactory.com/object-images/69f1cc9ab1ffa5.23168655/images/1000X1000-P0038_Balisse_Angel_WP2.png@webp	https://assets.myminifactory.com/object-images/69f1cc9ab1ffa5.23168655/images/1000X1000-P0038_Balisse_Angel_WP2.png
795092	Vidileth Alghollthu	P0042	https://www.myminifactory.com/object/3d-print-vidileth-alghollthu-795092	https://images2.myminifactory.com/insecure/plain/https://assets.myminifactory.com/object-images/69f1cc59754756.02127798/images/1000X1000-P0042_Vidileth_with_Base_WP2.png@webp	https://assets.myminifactory.com/object-images/69f1cc59754756.02127798/images/1000X1000-P0042_Vidileth_with_Base_WP2.png
795108	May 2026 PDF (Season 1 Adventure 2)		https://www.myminifactory.com/object/3d-print-may-2026-pdf-season-1-adventure-2-795108	https://images2.myminifactory.com/insecure/plain/https://assets.myminifactory.com/object-images/69f1d1214617a3.52277396/images/1000X1000-HellfireCrisis_2_Paizo_PDF_PREVIEW.png@webp	https://assets.myminifactory.com/object-images/69f1d1214617a3.52277396/images/1000X1000-HellfireCrisis_2_Paizo_PDF_PREVIEW.png
795104	Talmandor	P0037	https://www.myminifactory.com/object/3d-print-talmandor-795104	https://images2.myminifactory.com/insecure/plain/https://assets.myminifactory.com/object-images/69f1cdf5de2167.77228224/images/1000X1000-P0037_Talmandor_S1P2.png@webp	https://assets.myminifactory.com/object-images/69f1cdf5de2167.77228224/images/1000X1000-P0037_Talmandor_S1P2.png
795103	Phistophilus Contract Devil	P0036	https://www.myminifactory.com/object/3d-print-phistophilus-contract-devil-795103	https://images2.myminifactory.com/insecure/plain/https://assets.myminifactory.com/object-images/69f1cdd0439872.44924173/images/1000X1000-P0036_Phistophilus_S1P2.png@webp	https://assets.myminifactory.com/object-images/69f1cdd0439872.44924173/images/1000X1000-P0036_Phistophilus_S1P2.png
795102	Gylou Handmaiden Devil	P0035	https://www.myminifactory.com/object/3d-print-gylou-handmaiden-devil-795102	https://images2.myminifactory.com/insecure/plain/https://assets.myminifactory.com/object-images/69f1cdb36e4314.33340393/images/1000X1000-P0035_Gylou_S1P2.png@webp	https://assets.myminifactory.com/object-images/69f1cdb36e4314.33340393/images/1000X1000-P0035_Gylou_S1P2.png
795100	Hellbreaker	P0039	https://www.myminifactory.com/object/3d-print-hellbreaker-795100	https://images2.myminifactory.com/insecure/plain/https://assets.myminifactory.com/object-images/69f1cd5adc8f12.72688998/images/1000X1000-P0039_Hellbreaker_S1P2.png@webp	https://assets.myminifactory.com/object-images/69f1cd5adc8f12.72688998/images/1000X1000-P0039_Hellbreaker_S1P2.png
795099	Chelaxian Soldiers	P0034	https://www.myminifactory.com/object/3d-print-chelaxian-soldiers-795099	https://images2.myminifactory.com/insecure/plain/https://assets.myminifactory.com/object-images/69f1cd38205915.81560844/images/1000X1000-P0034_Cheliax_Soldier_ABC_S1P2_STL.png@webp	https://assets.myminifactory.com/object-images/69f1cd38205915.81560844/images/1000X1000-P0034_Cheliax_Soldier_ABC_S1P2_STL.png
795098	Andoran Soldiers	P0033	https://www.myminifactory.com/object/3d-print-andoran-soldiers-795098	https://images2.myminifactory.com/insecure/plain/https://assets.myminifactory.com/object-images/69f1cd17c6f9a0.27373774/images/1000X1000-P0033_Andorian_Soldier_ABC_S1P2.png@webp	https://assets.myminifactory.com/object-images/69f1cd17c6f9a0.27373774/images/1000X1000-P0033_Andorian_Soldier_ABC_S1P2.png
775658	Pathfinder Launch Promo		https://www.myminifactory.com/object/3d-print-pathfinder-launch-promo-775658	https://images2.myminifactory.com/insecure/plain/https://assets.myminifactory.com/object-images/69b2beb642ee81.68713580/images/1000X1000-Pathfinred_Fumbus_Alchemist.jpg@webp	https://assets.myminifactory.com/object-images/69b2beb642ee81.68713580/images/1000X1000-Pathfinred_Fumbus_Alchemist.jpg
768539	Lurker in Light		https://www.myminifactory.com/object/3d-print-lurker-in-light-768539	https://images2.myminifactory.com/insecure/plain/https://assets.myminifactory.com/object-images/699e038d50c8e5.18478516/images/1000X1000-Lurker%20in%20light.png@webp	https://assets.myminifactory.com/object-images/699e038d50c8e5.18478516/images/1000X1000-Lurker%20in%20light.png
784188	Dicounts Codes April 2026		https://www.myminifactory.com/object/3d-print-dicounts-codes-april-2026-784188	https://images2.myminifactory.com/insecure/plain/https://assets.myminifactory.com/object-images/69ce65c3d167f5.67215745/images/1000X1000-Discount_Square.jpg@webp	https://assets.myminifactory.com/object-images/69ce65c3d167f5.67215745/images/1000X1000-Discount_Square.jpg
784068	Pathfinder Beginner Box (Remastered)		https://www.myminifactory.com/object/3d-print-pathfinder-beginner-box-remastered-784068	https://images2.myminifactory.com/insecure/plain/https://assets.myminifactory.com/object-images/69ce168885efe0.06789169/images/1000X1000-Begginers%20Box%20SQ.jpg@webp	https://assets.myminifactory.com/object-images/69ce168885efe0.06789169/images/1000X1000-Begginers%20Box%20SQ.jpg
783379	Bases set		https://www.myminifactory.com/object/3d-print-bases-set-783379		
783374	April 2026 PDF (Season 1 Adventure 1 )		https://www.myminifactory.com/object/3d-print-april-2026-pdf-season-1-adventure-1-783374	https://images2.myminifactory.com/insecure/plain/https://assets.myminifactory.com/object-images/69cc6457795e53.15579494/images/1000X1000-HellfireCrisis_Paizo_PDF_PREVIEW.jpg@webp	https://assets.myminifactory.com/object-images/69cc6457795e53.15579494/images/1000X1000-HellfireCrisis_Paizo_PDF_PREVIEW.jpg
783372	Last Croak Adventure PDF		https://www.myminifactory.com/object/3d-print-last-croak-adventure-pdf-783372	https://images2.myminifactory.com/insecure/plain/https://assets.myminifactory.com/object-images/69cc637c257a34.95523747/images/1000X1000-WelcomePackDemo_Paizo_PDF_PREVIEW.jpg@webp	https://assets.myminifactory.com/object-images/69cc637c257a34.95523747/images/1000X1000-WelcomePackDemo_Paizo_PDF_PREVIEW.jpg
783371	Mirage Dragon PDF		https://www.myminifactory.com/object/3d-print-mirage-dragon-pdf-783371	https://images2.myminifactory.com/insecure/plain/https://assets.myminifactory.com/object-images/69cc630e26a080.98998434/images/1000X1000-MirageDragonDemo_Paizo_PDF_PREVIEW.jpg@webp	https://assets.myminifactory.com/object-images/69cc630e26a080.98998434/images/1000X1000-MirageDragonDemo_Paizo_PDF_PREVIEW.jpg
779847	Sarglagon - Drowning Devil		https://www.myminifactory.com/object/3d-print-sarglagon-drowning-devil-779847	https://images2.myminifactory.com/insecure/plain/https://assets.myminifactory.com/object-images/69c2ab27784ea6.29532307/images/1000X1000-april2026__0000_Sarglagon.png@webp	https://assets.myminifactory.com/object-images/69c2ab27784ea6.29532307/images/1000X1000-april2026__0000_Sarglagon.png
779550	Vordine - Infantry Devil		https://www.myminifactory.com/object/3d-print-vordine-infantry-devil-779550	https://images2.myminifactory.com/insecure/plain/https://assets.myminifactory.com/object-images/69c19d5bf1b2a6.57364888/images/1000X1000-april2026__0001_VordineALL.png@webp	https://assets.myminifactory.com/object-images/69c19d5bf1b2a6.57364888/images/1000X1000-april2026__0001_VordineALL.png
779548	Ort - Druge Devil		https://www.myminifactory.com/object/3d-print-ort-druge-devil-779548	https://images2.myminifactory.com/insecure/plain/https://assets.myminifactory.com/object-images/69c19d34bdaf04.87248548/images/1000X1000-april2026__0002_OrtAll.png@webp	https://assets.myminifactory.com/object-images/69c19d34bdaf04.87248548/images/1000X1000-april2026__0002_OrtAll.png
779547	Hellknight Signifer		https://www.myminifactory.com/object/3d-print-hellknight-signifer-779547	https://images2.myminifactory.com/insecure/plain/https://assets.myminifactory.com/object-images/69c19d071b15f7.94575305/images/1000X1000-april2026__0008_Hellknight-Signifier.png@webp	https://assets.myminifactory.com/object-images/69c19d071b15f7.94575305/images/1000X1000-april2026__0008_Hellknight-Signifier.png
779546	Andoren Steel Falcon		https://www.myminifactory.com/object/3d-print-andoren-steel-falcon-779546	https://images2.myminifactory.com/insecure/plain/https://assets.myminifactory.com/object-images/69c19ce8415d92.20863449/images/1000X1000-april2026__0013_Aldorian-Steel-Falcon.png@webp	https://assets.myminifactory.com/object-images/69c19ce8415d92.20863449/images/1000X1000-april2026__0013_Aldorian-Steel-Falcon.png
779545	Andoren Golden Legionnaire		https://www.myminifactory.com/object/3d-print-andoren-golden-legionnaire-779545	https://images2.myminifactory.com/insecure/plain/https://assets.myminifactory.com/object-images/69c19b6006b490.92736145/images/1000X1000-Andoran%20Golden%20Legionnaire.png@webp	https://assets.myminifactory.com/object-images/69c19b6006b490.92736145/images/1000X1000-Andoran%20Golden%20Legionnaire.png
779538	Horned Dragon		https://www.myminifactory.com/object/3d-print-horned-dragon-779538	https://images2.myminifactory.com/insecure/plain/https://assets.myminifactory.com/object-images/69c197b8a538b5.75448273/images/1000X1000-Horned%20Dragon.png@webp	https://assets.myminifactory.com/object-images/69c197b8a538b5.75448273/images/1000X1000-Horned%20Dragon.png
779537	Zolgran Kobold Boss		https://www.myminifactory.com/object/3d-print-zolgran-kobold-boss-779537	https://images2.myminifactory.com/insecure/plain/https://assets.myminifactory.com/object-images/69c19791c41d32.60920909/images/1000X1000-april2026__0042_Zolgran.png@webp	https://assets.myminifactory.com/object-images/69c19791c41d32.60920909/images/1000X1000-april2026__0042_Zolgran.png
779536	Xulgath Warrior		https://www.myminifactory.com/object/3d-print-xulgath-warrior-779536	https://images2.myminifactory.com/insecure/plain/https://assets.myminifactory.com/object-images/69c19761e9a6d1.07312779/images/1000X1000-april2026__0035_Xugath.png@webp	https://assets.myminifactory.com/object-images/69c19761e9a6d1.07312779/images/1000X1000-april2026__0035_Xugath.png
779535	Cinder Rat		https://www.myminifactory.com/object/3d-print-cinder-rat-779535	https://images2.myminifactory.com/insecure/plain/https://assets.myminifactory.com/object-images/69c1973409c3c5.81102919/images/1000X1000-april2026__0030_Cinder-Rat.png@webp	https://assets.myminifactory.com/object-images/69c1973409c3c5.81102919/images/1000X1000-april2026__0030_Cinder-Rat.png
779533	Kobold Scout		https://www.myminifactory.com/object/3d-print-kobold-scout-779533	https://images2.myminifactory.com/insecure/plain/https://assets.myminifactory.com/object-images/69c196eb0584b6.98235195/images/1000X1000-april2026__0021_Kobold-Scout.png@webp	https://assets.myminifactory.com/object-images/69c196eb0584b6.98235195/images/1000X1000-april2026__0021_Kobold-Scout.png
779532	Kobold Trapmaster		https://www.myminifactory.com/object/3d-print-kobold-trapmaster-779532	https://images2.myminifactory.com/insecure/plain/https://assets.myminifactory.com/object-images/69c196b9eeba88.70221826/images/1000X1000-april2026__0027_Kobold-Trapmaster.png@webp	https://assets.myminifactory.com/object-images/69c196b9eeba88.70221826/images/1000X1000-april2026__0027_Kobold-Trapmaster.png
779531	Kobold Warrior		https://www.myminifactory.com/object/3d-print-kobold-warrior-779531	https://images2.myminifactory.com/insecure/plain/https://assets.myminifactory.com/object-images/69c1969345eef0.61001740/images/1000X1000-april2026__0020_Kobold-Warrior.png@webp	https://assets.myminifactory.com/object-images/69c1969345eef0.61001740/images/1000X1000-april2026__0020_Kobold-Warrior.png
779530	Skeleton Guard		https://www.myminifactory.com/object/3d-print-skeleton-guard-779530	https://images2.myminifactory.com/insecure/plain/https://assets.myminifactory.com/object-images/69c19671a12a48.05133488/images/1000X1000-april2026__0039_Skeleton-Guard.png@webp	https://assets.myminifactory.com/object-images/69c19671a12a48.05133488/images/1000X1000-april2026__0039_Skeleton-Guard.png
779529	Giant Spider		https://www.myminifactory.com/object/3d-print-giant-spider-779529	https://images2.myminifactory.com/insecure/plain/https://assets.myminifactory.com/object-images/69c1965233d9a6.79180359/images/1000X1000-april2026__0022_Giant-Spider.png@webp	https://assets.myminifactory.com/object-images/69c1965233d9a6.79180359/images/1000X1000-april2026__0022_Giant-Spider.png
779528	Giant Rat		https://www.myminifactory.com/object/3d-print-giant-rat-779528	https://images2.myminifactory.com/insecure/plain/https://assets.myminifactory.com/object-images/69c196321cf7c1.79345595/images/1000X1000-april2026__0023_Giant-Rat.png@webp	https://assets.myminifactory.com/object-images/69c196321cf7c1.79345595/images/1000X1000-april2026__0023_Giant-Rat.png
779527	Rain in Cloudy Day		https://www.myminifactory.com/object/3d-print-rain-in-cloudy-day-779527	https://images2.myminifactory.com/insecure/plain/https://assets.myminifactory.com/object-images/69c196099aafc3.22128722/images/1000X1000-april2026__0018_Rain-in-Cloudy-Days.png@webp	https://assets.myminifactory.com/object-images/69c196099aafc3.22128722/images/1000X1000-april2026__0018_Rain-in-Cloudy-Days.png
779525	Boggard Scout		https://www.myminifactory.com/object/3d-print-boggard-scout-779525	https://images2.myminifactory.com/insecure/plain/https://assets.myminifactory.com/object-images/69c195d88db6a2.04371621/images/1000X1000-april2026__0033_Boggard-Scout.png@webp	https://assets.myminifactory.com/object-images/69c195d88db6a2.04371621/images/1000X1000-april2026__0033_Boggard-Scout.png
779524	Boggard Swampseer		https://www.myminifactory.com/object/3d-print-boggard-swampseer-779524	https://images2.myminifactory.com/insecure/plain/https://assets.myminifactory.com/object-images/69c195b1c36751.50931280/images/1000X1000-april2026__0032_Boggard-Swampseer.png@webp	https://assets.myminifactory.com/object-images/69c195b1c36751.50931280/images/1000X1000-april2026__0032_Boggard-Swampseer.png
779523	Boggard Warrior		https://www.myminifactory.com/object/3d-print-boggard-warrior-779523	https://images2.myminifactory.com/insecure/plain/https://assets.myminifactory.com/object-images/69c1958dcb4eb6.41570293/images/1000X1000-april2026__0031_Boggard-Warrior.png@webp	https://assets.myminifactory.com/object-images/69c1958dcb4eb6.41570293/images/1000X1000-april2026__0031_Boggard-Warrior.png
779522	Empyreal Dragon		https://www.myminifactory.com/object/3d-print-empyreal-dragon-779522	https://images2.myminifactory.com/insecure/plain/https://assets.myminifactory.com/object-images/69c19512ab9413.18428125/images/1000X1000-april2026__0025_Empyreal-Dragon.png@webp	https://assets.myminifactory.com/object-images/69c19512ab9413.18428125/images/1000X1000-april2026__0025_Empyreal-Dragon.png
779521	Diabolic Dragon		https://www.myminifactory.com/object/3d-print-diabolic-dragon-779521	https://images2.myminifactory.com/insecure/plain/https://assets.myminifactory.com/object-images/69c194ef717e59.38302342/images/1000X1000-april2026__0028_Diabolic-Dragon.png@webp	https://assets.myminifactory.com/object-images/69c194ef717e59.38302342/images/1000X1000-april2026__0028_Diabolic-Dragon.png
779520	Mirage Dragon		https://www.myminifactory.com/object/3d-print-mirage-dragon-779520	https://images2.myminifactory.com/insecure/plain/https://assets.myminifactory.com/object-images/69c194ccc9a061.08450913/images/1000X1000-april2026__0016_Mirage-Dragon.png@webp	https://assets.myminifactory.com/object-images/69c194ccc9a061.08450913/images/1000X1000-april2026__0016_Mirage-Dragon.png
779519	Feiya, Iconic Witch (with Daji)		https://www.myminifactory.com/object/3d-print-feiya-iconic-witch-with-daji-779519	https://images2.myminifactory.com/insecure/plain/https://assets.myminifactory.com/object-images/69c19480851732.51166826/images/1000X1000-april2026__0003_FeiyawithDaji.png@webp	https://assets.myminifactory.com/object-images/69c19480851732.51166826/images/1000X1000-april2026__0003_FeiyawithDaji.png
779518	Harsk, Iconic Ranger		https://www.myminifactory.com/object/3d-print-harsk-iconic-ranger-779518	https://images2.myminifactory.com/insecure/plain/https://assets.myminifactory.com/object-images/69c1945e492466.85599488/images/1000X1000-april2026__0017_Harsk.png@webp	https://assets.myminifactory.com/object-images/69c1945e492466.85599488/images/1000X1000-april2026__0017_Harsk.png
779517	Lini, Iconic Druid (with Droogami)		https://www.myminifactory.com/object/3d-print-lini-iconic-druid-with-droogami-779517	https://images2.myminifactory.com/insecure/plain/https://assets.myminifactory.com/object-images/69c1941def7599.21971591/images/1000X1000-april2026__0004_LiniWithDroogami.png@webp	https://assets.myminifactory.com/object-images/69c1941def7599.21971591/images/1000X1000-april2026__0004_LiniWithDroogami.png
779516	Lem, Iconic Bard		https://www.myminifactory.com/object/3d-print-lem-iconic-bard-779516	https://images2.myminifactory.com/insecure/plain/https://assets.myminifactory.com/object-images/69c193e7e654f7.87306762/images/1000X1000-april2026__0019_Lem.png@webp	https://assets.myminifactory.com/object-images/69c193e7e654f7.87306762/images/1000X1000-april2026__0019_Lem.png
779509	Valeros, Iconic Fighter		https://www.myminifactory.com/object/3d-print-valeros-iconic-fighter-779509	https://images2.myminifactory.com/insecure/plain/https://assets.myminifactory.com/object-images/69c18d225e35e6.49163082/images/1000X1000-april2026__0024_Valeros.png@webp	https://assets.myminifactory.com/object-images/69c18d225e35e6.49163082/images/1000X1000-april2026__0024_Valeros.png
779505	Merisiel, Iconic Rogue		https://www.myminifactory.com/object/3d-print-merisiel-iconic-rogue-779505	https://images2.myminifactory.com/insecure/plain/https://assets.myminifactory.com/object-images/69c18ceed1af25.00161635/images/1000X1000-april2026__0041_Merisiel.png@webp	https://assets.myminifactory.com/object-images/69c18ceed1af25.00161635/images/1000X1000-april2026__0041_Merisiel.png
779502	Kyra, Iconic Cleric		https://www.myminifactory.com/object/3d-print-kyra-iconic-cleric-779502	https://images2.myminifactory.com/insecure/plain/https://assets.myminifactory.com/object-images/69c18c8f25a5b3.66396738/images/1000X1000-april2026__0029_Kyra.png@webp	https://assets.myminifactory.com/object-images/69c18c8f25a5b3.66396738/images/1000X1000-april2026__0029_Kyra.png
779497	Ezren, Iconic Wizard		https://www.myminifactory.com/object/3d-print-ezren-iconic-wizard-779497	https://images2.myminifactory.com/insecure/plain/https://assets.myminifactory.com/object-images/69c18bb4bbcb98.35443578/images/1000X1000-april2026__0036_Ezren.png@webp	https://assets.myminifactory.com/object-images/69c18bb4bbcb98.35443578/images/1000X1000-april2026__0036_Ezren.png
661451	Pathfinder Player Core PDF		https://www.myminifactory.com/object/3d-print-pathfinder-player-core-pdf-661451	https://images2.myminifactory.com/insecure/plain/https://assets.myminifactory.com/object-images/68c4394b61ef77.39502493/images/1000X1000-Player%20Core%20SQ.jpg@webp	https://assets.myminifactory.com/object-images/68c4394b61ef77.39502493/images/1000X1000-Player%20Core%20SQ.jpg
